obs_rms_mean,obs_rms_std,param_noise_stddev,reference_Q_mean,reference_Q_std,reference_action_mean,reference_action_std,reference_actor_Q_mean,reference_actor_Q_std,reference_perturbed_action_mean,reference_perturbed_action_std,rollout/Q_mean,rollout/actions_mean,rollout/actions_std,rollout/episode_steps,rollout/episodes,rollout/return,rollout/return_history,rollout/return_history_std,rollout/return_std,total/duration,total/episodes,total/epochs,total/steps,total/steps_per_second,train/loss_actor,train/loss_critic,train/param_noise_distance
0.03697744011878967,1.8239167928695679,0.1639088940674591,-36.362789154052734,26.242177963256836,0.1944114863872528,0.6649730205535889,-36.05938720703125,26.820539474487305,0.10762061178684235,0.5512335300445557,-19.599285125732422,0.07207982242107391,0.613885760307312,200.0,10.0,-1335.5950927734375,-1335.5950927734375,306.7394104003906,306.7394104003906,3.052635431289673,10.0,1,2000,655.171586983462,36.382442474365234,18.84455108642578,0.7819831371307373
-0.12503090500831604,1.3993186950683594,0.13978498992545177,-65.25485229492188,53.04099655151367,-0.0005089789628982544,0.8354056477546692,-63.84452819824219,53.576263427734375,-0.10723334550857544,0.7394479513168335,-49.10599136352539,0.16842639446258545,0.6637951731681824,200.0,10.0,-1440.1097412109375,-1440.1097412109375,252.25804138183594,252.25804138183594,6.1176817417144775,20.0,2,4000,653.8424470049339,82.65190124511719,51.8220100402832,0.142277330160141
-0.11681926250457764,1.2507158517837524,0.13433062777208762,-107.13374328613281,55.623233795166016,-0.06507603079080582,0.9038705825805664,-105.47607421875,56.15760040283203,-0.2048627734184265,0.8565080761909485,-62.201416015625,0.1257620006799698,0.7140025496482849,200.0,10.0,-1305.7965087890625,-1305.7965087890625,481.28692626953125,481.28692626953125,9.088781356811523,30.0,3,6000,660.154509658585,119.4450454711914,28.319053649902344,0.32770487666130066
-0.09113486856222153,1.2143179178237915,0.11921161154572088,-151.32676696777344,44.348228454589844,-0.12973372638225555,0.9357240796089172,-151.37461853027344,44.09846496582031,-0.04136926680803299,0.9325681924819946,-73.2155532836914,0.06694050878286362,0.7442417740821838,200.0,10.0,-1191.177001953125,-1191.177001953125,551.2062377929688,551.2062377929688,12.079111099243164,40.0,4,8000,662.300390672063,148.63302612304688,115.17111206054688,0.3496403992176056
-0.09212417155504227,1.2472182512283325,0.11921161154572088,-179.85369873046875,49.302242279052734,-0.11657004058361053,0.9357249736785889,-179.4932098388672,48.40455627441406,-0.03352424502372742,0.9180789589881897,-90.96980285644531,0.04242239519953728,0.7852569222450256,200.0,10.0,-1142.120361328125,-1142.120361328125,529.927978515625,529.927978515625,15.067909479141235,50.0,5,10000,663.6620702986816,174.1594696044922,110.49759674072266,0.5541332960128784
-0.06150206923484802,1.3682142496109009,0.12160776493778987,-204.23760986328125,57.3400764465332,-0.10259349644184113,0.90646892786026,-203.6116180419922,56.51331329345703,-0.07402100414037704,0.9093814492225647,-107.77033996582031,0.042316097766160965,0.8149904608726501,200.0,10.0,-1152.9862060546875,-1152.9862060546875,489.45843505859375,489.45843505859375,18.119712352752686,60.0,6,12000,662.2621687577176,199.02734375,135.2241668701172,0.1660732626914978
-0.07120256870985031,1.4206953048706055,0.10792071678026853,-215.32977294921875,72.85223388671875,-0.06916938722133636,0.7668780088424683,-213.9126739501953,73.42595672607422,0.139277383685112,0.5991274118423462,-121.89761352539062,0.0016540309879928827,0.824164092540741,200.0,10.0,-1172.04345703125,-1172.04345703125,485.31524658203125,485.31524658203125,21.12419080734253,70.0,7,14000,662.7472800110174,210.84027099609375,126.6489028930664,0.20587751269340515
-0.13270026445388794,1.5484787225723267,0.09022358778821578,-214.2078399658203,85.64889526367188,0.5343927145004272,0.6490143537521362,-211.69204711914062,86.5908203125,0.5646721124649048,0.6976726651191711,-122.80056762695312,0.00784452073276043,0.8110771179199219,200.0,10.0,-1138.7525634765625,-1138.7525634765625,506.14703369140625,506.14703369140625,24.1438307762146,80.0,8,16000,662.695168314486,203.41769409179688,231.2490692138672,0.4303048849105835
-0.04324344918131828,1.5456422567367554,0.07694459401832851,-208.35687255859375,93.25869750976562,0.05459507554769516,0.8384848237037659,-205.46339416503906,94.71686553955078,0.012230418622493744,0.8476171493530273,-113.7099380493164,0.027932411059737206,0.784451425075531,200.0,10.0,-1054.8306884765625,-1054.8306884765625,552.2564086914062,552.2564086914062,27.243312120437622,90.0,9,18000,660.7126152805996,173.91673278808594,195.6580047607422,0.4578084349632263
0.02212815172970295,1.535319209098816,0.07105704163663924,-196.35752868652344,101.3928451538086,-0.05627540498971939,0.9094974398612976,-192.53982543945312,102.19730377197266,-0.07415376603603363,0.9378387928009033,-104.85855102539062,0.033353883773088455,0.7630199193954468,200.0,10.0,-985.1981201171875,-985.1981201171875,575.9225463867188,575.9225463867188,30.276594161987305,100.0,10,20000,660.5762818960095,146.12213134765625,253.2028350830078,0.23536965250968933
0.048263102769851685,1.4989081621170044,0.0724852881735357,-187.32997131347656,110.24905395507812,-0.09680593013763428,0.9141156077384949,-183.49826049804688,111.01530456542969,-0.10645709186792374,0.9062058925628662,-94.61316680908203,0.029071563854813576,0.7388517260551453,200.0,10.0,-910.1427001953125,-867.5974731445312,605.1845092773438,599.6728515625,33.35969877243042,110.0,11,22000,659.4783768905475,120.80709838867188,129.07106018066406,0.16130201518535614
0.06730625033378601,1.4623628854751587,0.06693894750505577,-173.58160400390625,118.568115234375,-0.11180777102708817,0.910109281539917,-169.587890625,119.33187103271484,-0.05802864581346512,0.9454694390296936,-84.84255981445312,0.024296637624502182,0.7153381705284119,200.0,10.0,-847.2335815429688,-728.6585083007812,593.1585083007812,611.64013671875,36.36638617515564,120.0,12,24000,659.9500946947552,97.5117416381836,70.07492065429688,0.3166540265083313
0.08321064710617065,1.4309991598129272,0.06305951655006926,-157.8605499267578,127.81354522705078,-0.14211426675319672,0.9063768982887268,-153.32177734375,128.56460571289062,-0.13560965657234192,0.8995654582977295,-76.39231872558594,0.017971528694033623,0.6983542442321777,200.0,10.0,-797.2870483398438,-644.734130859375,563.8810424804688,612.8746337890625,39.41395092010498,130.0,13,26000,659.6649001949573,74.90408325195312,140.1187744140625,0.3318319618701935
0.10022515803575516,1.4018092155456543,0.06181699495154324,-140.5040283203125,130.53054809570312,-0.14729616045951843,0.9122578501701355,-135.49696350097656,130.92298889160156,-0.18243885040283203,0.8929976224899292,-67.54901885986328,0.025367671623826027,0.6891229748725891,200.0,10.0,-752.1878662109375,-576.5921630859375,544.4910278320312,612.908935546875,42.479613304138184,140.0,14,28000,659.139710136494,53.997127532958984,60.76871109008789,0.09976891428232193
0.10621073096990585,1.376625418663025,0.060598955937205407,-123.17511749267578,128.7792510986328,-0.13824087381362915,0.922336757183075,-118.1037368774414,129.5440673828125,-0.1909462809562683,0.9102846384048462,-59.69150161743164,0.04214928299188614,0.6786600947380066,200.0,10.0,-715.6365356445312,-502.3946838378906,527.2779541015625,608.1941528320312,45.489896297454834,150.0,15,30000,659.4871046491813,36.09281539916992,92.33969116210938,0.2189449965953827
0.11263204365968704,1.3500438928604126,0.06181699495154324,-116.14861297607422,130.23486328125,-0.13137418031692505,0.9226294159889221,-110.1865234375,130.4515380859375,-0.06185826659202576,0.9443312883377075,-51.8690185546875,0.05942298844456673,0.6696248054504395,200.0,10.0,-678.6539916992188,-394.0547180175781,478.0100402832031,606.3345947265625,48.53260326385498,160.0,16,32000,659.3505777142649,19.224611282348633,64.21334075927734,0.16721341013908386
0.11674606800079346,1.325661540031433,0.05940491710342653,-104.1065902709961,126.43360137939453,-0.13217692077159882,0.9159032106399536,-97.99764251708984,127.02942657470703,-0.16786730289459229,0.8896936774253845,-45.32148361206055,0.0726921483874321,0.6646052598953247,200.0,10.0,-647.2315063476562,-279.8631591796875,351.7950134277344,602.1481323242188,51.53682804107666,170.0,17,34000,659.7224022576788,10.61276626586914,30.780160903930664,0.27928394079208374
0.12254282087087631,1.3010257482528687,0.057086957702023974,-95.50810241699219,119.67111206054688,-0.15546828508377075,0.8982635736465454,-89.42423248291016,119.60102081298828,-0.07907038927078247,0.9133602380752563,-39.1943473815918,0.09305989742279053,0.656589686870575,200.0,10.0,-616.3431396484375,-198.41566467285156,218.9385986328125,599.0151977539062,54.558769941329956,180.0,18,36000,659.838923031307,5.170472621917725,60.4979248046875,0.12347333878278732
0.12993894517421722,1.281157374382019,0.055962119107954095,-91.69498443603516,114.70626068115234,-0.20146697759628296,0.8958662152290344,-85.82963562011719,115.02851104736328,-0.22351546585559845,0.8902170062065125,-34.38261032104492,0.11036644130945206,0.6500006318092346,200.0,10.0,-592.6807861328125,-176.74583435058594,162.24261474609375,592.0691528320312,57.60881853103638,190.0,19,38000,659.621234542898,5.778409004211426,37.97158432006836,0.2286645919084549
0.13256464898586273,1.264863133430481,0.05940491710342653,-94.48629760742188,114.1335220336914,-0.1732933223247528,0.8839477896690369,-89.17499542236328,115.2901840209961,-0.1226666122674942,0.8619787096977234,-30.496591567993164,0.12651848793029785,0.6453019380569458,200.0,10.0,-571.9601440429688,-158.7221221923828,100.30758666992188,584.4996337890625,60.67546272277832,200.0,20,40000,659.2450754394248,3.934915065765381,75.1558609008789,0.121500164270401
0.1366545557975769,1.2506664991378784,0.05823440555183466,-94.15718078613281,109.46624755859375,0.00022882595658302307,0.8500180840492249,-89.50843811035156,110.33959197998047,0.015284359455108643,0.8425641655921936,-27.4678955078125,0.14120328426361084,0.641241729259491,200.0,10.0,-555.2886352539062,-164.9490966796875,97.56069946289062,575.6837768554688,63.79070472717285,210.0,21,42000,658.403135372626,8.691795349121094,78.25430297851562,0.16074365377426147
0.13866634666919708,1.2345833778381348,0.057086957702023974,-92.75062561035156,100.81828308105469,0.236988365650177,0.8840634822845459,-86.86260986328125,99.34082794189453,0.14568959176540375,0.8584362864494324,-24.692358016967773,0.1537875533103943,0.6363242268562317,200.0,10.0,-537.0372924804688,-164.8016815185547,96.3399658203125,568.9828491210938,66.93457913398743,220.0,22,44000,657.3582828080872,11.06152057647705,34.5319938659668,0.2762893736362457
0.14282549917697906,1.2191346883773804,0.057086957702023974,-95.8078384399414,94.03511047363281,0.23766326904296875,0.8817666172981262,-89.76046752929688,92.54310607910156,0.2502511739730835,0.9053034782409668,-22.431533813476562,0.16672223806381226,0.6317481994628906,200.0,10.0,-520.9017944335938,-161.60105895996094,99.64813995361328,562.0738525390625,69.95893144607544,230.0,23,46000,657.5286249970376,10.124929428100586,22.130390167236328,0.19227421283721924
0.14557982981204987,1.205819010734558,0.054859444277966955,-97.0101318359375,88.57927703857422,0.27797383069992065,0.8700506091117859,-91.54934692382812,87.88710021972656,0.2639523148536682,0.8567404747009277,-20.563840866088867,0.17752961814403534,0.62856525182724,200.0,10.0,-506.2834167480469,-162.0172576904297,100.55077362060547,554.9799194335938,73.05515575408936,240.0,24,48000,657.0378162161832,14.329812049865723,27.057939529418945,0.23476149141788483
0.14719796180725098,1.1929150819778442,0.05377849649835011,-96.88417053222656,84.84040832519531,0.24583333730697632,0.8797239661216736,-91.83006286621094,84.67308807373047,0.2869717478752136,0.8877116441726685,-18.944562911987305,0.18551281094551086,0.6270937919616699,200.0,10.0,-492.36798095703125,-157.465087890625,96.26325225830078,548.1058349609375,76.08376002311707,250.0,25,50000,657.1704656132681,17.269432067871094,45.330440521240234,0.11161267012357712
0.15039528906345367,1.1799107789993286,0.052718847660376544,-101.59617614746094,85.45852661132812,0.24041344225406647,0.8746803402900696,-96.13975524902344,85.16806030273438,0.23890569806098938,0.8598731160163879,-17.594995498657227,0.19217051565647125,0.6271178126335144,200.0,10.0,-479.6178283691406,-161.1599578857422,95.8658447265625,541.44287109375,79.20270919799805,260.0,26,52000,656.5431981626504,19.35979652404785,32.222190856933594,0.21625813841819763
0.15233634412288666,1.1667572259902954,0.05066177638540577,-103.1017837524414,84.25061798095703,0.21635934710502625,0.8964259028434753,-97.92110443115234,84.26441955566406,0.2163194715976715,0.8947118520736694,-16.36103630065918,0.1986115425825119,0.6280989646911621,200.0,10.0,-466.4222106933594,-159.0465087890625,93.61107635498047,535.8307495117188,82.23713254928589,270.0,27,54000,656.6376808874875,22.086994171142578,29.216411590576172,0.09350723028182983
0.15105482935905457,1.1556953191757202,0.04966353924655011,-104.39437866210938,83.61737060546875,0.20144738256931305,0.901348352432251,-98.80441284179688,82.7698745727539,0.15346872806549072,0.9079093933105469,-15.287301063537598,0.2057599425315857,0.6316389441490173,200.0,10.0,-454.3302001953125,-162.70677185058594,91.54640197753906,530.0088500976562,85.35297703742981,280.0,28,56000,656.0989662427631,22.398090362548828,45.040103912353516,0.3741237223148346
0.15349532663822174,1.1446309089660645,0.05066177638540577,-105.0851058959961,80.2994613647461,0.23122024536132812,0.9063843488693237,-100.01060485839844,80.08282470703125,0.22324061393737793,0.8993582129478455,-14.379984855651855,0.21109718084335327,0.6361877918243408,200.0,10.0,-443.35650634765625,-159.640380859375,88.3742446899414,524.1438598632812,88.41611099243164,290.0,29,58000,655.9890425961481,23.910978317260742,20.899757385253906,0.11919006705284119
0.15666157007217407,1.1329673528671265,0.05377849649835011,-109.92904663085938,82.45829010009766,0.20994940400123596,0.9101892709732056,-104.14811706542969,81.40428161621094,0.31939268112182617,0.8521475195884705,-13.484315872192383,0.21587705612182617,0.6427567601203918,200.0,10.0,-431.94073486328125,-151.90191650390625,85.78793334960938,519.0606079101562,91.43549227714539,300.0,30,60000,656.2003277473162,26.668676376342773,31.186359405517578,0.5034196972846985
0.15875215828418732,1.1215885877609253,0.055962119107954095,-110.22498321533203,82.71051025390625,0.2438887059688568,0.9065280556678772,-105.15837097167969,82.62910461425781,0.22678057849407196,0.9164670705795288,-12.758313179016113,0.21753300726413727,0.6497206687927246,200.0,10.0,-421.6298522949219,-140.9464569091797,81.09748077392578,513.9476318359375,94.44578051567078,310.0,31,62000,656.461301515876,23.306194305419922,48.57905197143555,0.13813602924346924
0.1625475436449051,1.1116760969161987,0.055962119107954095,-110.40225219726562,82.13555908203125,0.2601906657218933,0.9146671295166016,-104.69837188720703,81.33992004394531,0.2204279601573944,0.9255038499832153,-12.0977144241333,0.21514646708965302,0.6577494144439697,200.0,10.0,-412.2242126464844,-137.6354522705078,80.92057037353516,508.81317138671875,97.5112624168396,320.0,32,64000,656.3344419274752,23.706382751464844,11.062217712402344,0.10739310085773468
0.16573843359947205,1.1036754846572876,0.055962119107954095,-112.3173828125,83.43903350830078,0.2434329092502594,0.9191026091575623,-107.36205291748047,82.99748229980469,0.20870618522167206,0.9145042300224304,-11.590739250183105,0.2150704264640808,0.6641861796379089,200.0,10.0,-404.6048278808594,-137.12176513671875,76.92756652832031,503.0827941894531,100.58526468276978,330.0,33,66000,656.1597288445151,22.90595245361328,17.69985008239746,0.32337677478790283
0.16929878294467926,1.0958642959594727,0.057086957702023974,-113.06487274169922,85.4802474975586,0.234232559800148,0.915350079536438,-108.13485717773438,85.12495422363281,0.26602667570114136,0.9197214245796204,-11.192157745361328,0.2113650143146515,0.6722304224967957,200.0,10.0,-397.5061950683594,-136.4407958984375,78.29365539550781,497.60882568359375,103.694979429245,340.0,34,68000,655.7694535866991,23.689746856689453,17.149019241333008,0.4353313446044922
0.17281268537044525,1.0888928174972534,0.055962119107954095,-113.26151275634766,84.34249877929688,0.23334002494812012,0.9169321656227112,-108.18037414550781,83.91339874267578,0.23679369688034058,0.9190284609794617,-10.757323265075684,0.21163278818130493,0.6771597266197205,200.0,10.0,-390.3046569824219,-135.14627075195312,79.76937866210938,492.38812255859375,106.81394004821777,350.0,35,70000,655.345172815465,24.133176803588867,46.52741622924805,0.12022200226783752
0.17350034415721893,1.0815542936325073,0.057086957702023974,-110.96694946289062,81.4737319946289,0.260473370552063,0.9223462343215942,-105.35810852050781,80.26789093017578,0.25347408652305603,0.9223237037658691,-10.285417556762695,0.21154142916202545,0.6824661493301392,200.0,10.0,-383.1272277832031,-132.25167846679688,76.11026763916016,487.3840026855469,109.89950251579285,360.0,36,72000,655.1440029462682,21.042089462280273,60.767616271972656,0.16600972414016724
0.1753915697336197,1.0741535425186157,0.05377849649835011,-115.39463806152344,82.78272247314453,0.25308236479759216,0.9143682718276978,-110.17535400390625,81.96730041503906,0.2297745943069458,0.9254181385040283,-9.925105094909668,0.20987339317798615,0.6875777244567871,200.0,10.0,-376.6817932128906,-134.38265991210938,74.5681381225586,482.4550476074219,112.993234872818,370.0,37,74000,654.9064648276715,24.87969398498535,29.621482849121094,0.2116035670042038
0.1716046780347824,1.0734663009643555,0.051680078090752424,-113.66252136230469,79.99164581298828,0.25849899649620056,0.9205508828163147,-108.65870666503906,79.4713363647461,0.21821588277816772,0.909403383731842,-9.793903350830078,0.20828139781951904,0.6928761601448059,200.0,10.0,-372.7892761230469,-144.47479248046875,111.88416290283203,478.4318542480469,116.09261441230774,380.0,38,76000,654.6497413701344,21.11026382446289,10.569886207580566,0.32576507329940796
0.17570777237415314,1.0662131309509277,0.052718847660376544,-115.72431945800781,82.00067901611328,0.2480100691318512,0.9239330291748047,-110.58474731445312,81.34648895263672,0.24692672491073608,0.9257370829582214,-9.477630615234375,0.20796138048171997,0.697093665599823,200.0,10.0,-366.32330322265625,-142.92703247070312,113.92540740966797,474.15283203125,119.20541787147522,390.0,39,78000,654.3326754166321,24.002809524536133,21.56402587890625,0.2122885286808014
0.17719833552837372,1.058310866355896,0.05377849649835011,-118.01065063476562,81.27889251708984,0.23122191429138184,0.9248964190483093,-113.17471313476562,80.73106384277344,0.16713809967041016,0.9446585774421692,-9.207616806030273,0.20811951160430908,0.7011301517486572,200.0,10.0,-360.1158447265625,-144.64134216308594,115.80450439453125,469.996826171875,122.33205151557922,400.0,40,80000,653.9578058969431,21.650789260864258,5.224112033843994,0.18369489908218384
0.17940659821033478,1.0531096458435059,0.051680078090752424,-118.25778198242188,81.47604370117188,0.2235884815454483,0.9189385771751404,-113.95075225830078,81.11740112304688,0.10238408297300339,0.9435398578643799,-9.08752727508545,0.20774449408054352,0.7046833634376526,200.0,10.0,-355.6977844238281,-151.30836486816406,116.77347564697266,465.31591796875,125.42265391349792,410.0,41,82000,653.7893868563341,23.430376052856445,53.336395263671875,0.18256302177906036
0.1816335916519165,1.0466256141662598,0.052718847660376544,-118.77461242675781,80.54561614990234,0.21909992396831512,0.9249720573425293,-114.16415405273438,80.43421173095703,0.28605860471725464,0.9299808740615845,-8.949488639831543,0.2073417454957962,0.7077982425689697,200.0,10.0,-350.7235412597656,-153.92140197753906,118.52433776855469,461.1923828125,128.48886942863464,420.0,42,84000,653.7531256484074,23.99068832397461,23.419130325317383,0.04503360763192177
0.1830195039510727,1.0414961576461792,0.054859444277966955,-117.85002899169922,79.2418212890625,0.23339533805847168,0.9207911491394043,-112.78807067871094,78.1688232421875,0.1718204915523529,0.9321587681770325,-8.873797416687012,0.2068585753440857,0.7109484672546387,200.0,10.0,-346.51708984375,-154.8274383544922,119.75981903076172,456.8412170410156,131.5661211013794,430.0,43,86000,653.6637188971465,26.06390380859375,35.13621520996094,0.24032467603683472
0.18382157385349274,1.0363415479660034,0.051680078090752424,-119.10159301757812,77.7509765625,0.175538569688797,0.918173611164093,-114.85969543457031,77.76779174804688,0.32331275939941406,0.9006772637367249,-8.759838104248047,0.20587711036205292,0.7139564752578735,200.0,10.0,-342.14935302734375,-153.93600463867188,119.97985076904297,452.80133056640625,134.66560578346252,440.0,44,88000,653.470494474297,23.470623016357422,56.746028900146484,0.2793596684932709
0.185203418135643,1.0297974348068237,0.04966353924655011,-122.44603729248047,83.0593490600586,0.2078060507774353,0.9188474416732788,-117.53337097167969,82.64404296875,0.2638486921787262,0.9029593467712402,-8.556769371032715,0.20463821291923523,0.7168346047401428,200.0,10.0,-336.71209716796875,-149.13819885253906,121.19184112548828,449.31683349609375,137.78050208091736,450.0,45,90000,653.2128903634256,24.60030746459961,19.49808692932129,0.146127849817276
0.1859828233718872,1.024816870689392,0.0477256850533856,-125.16006469726562,85.77978515625,0.1771780401468277,0.9242956638336182,-120.24456787109375,85.11861419677734,0.1644921898841858,0.9384779334068298,-8.516079902648926,0.20517301559448242,0.7199140191078186,200.0,10.0,-332.91204833984375,-152.13751220703125,124.43907165527344,445.3619384765625,140.80290412902832,460.0,46,92000,653.3956140257836,26.130945205688477,6.907254219055176,0.3088656961917877
0.18705789744853973,1.019152283668518,0.046785300513072836,-123.8815689086914,83.11898803710938,0.18053704500198364,0.9140897393226624,-119.7801284790039,82.86892700195312,0.23153284192085266,0.9146516919136047,-8.404887199401855,0.20486579835414886,0.722806453704834,200.0,10.0,-328.611572265625,-150.75161743164062,125.0524673461914,441.71923828125,143.86799716949463,470.0,47,94000,653.3767192800783,23.688264846801758,22.680063247680664,0.2247658669948578
0.18786315619945526,1.0154355764389038,0.04495975420378481,-124.78915405273438,85.05642700195312,0.08525581657886505,0.9261270761489868,-120.18946838378906,84.5709457397461,0.18568310141563416,0.9375980496406555,-8.313701629638672,0.20449379086494446,0.7251871824264526,200.0,10.0,-324.80572509765625,-142.46839904785156,93.4931869506836,437.9273986816406,146.94811820983887,480.0,48,96000,653.2917955636151,22.839101791381836,43.910335540771484,0.23410950601100922
0.18559439480304718,1.0140286684036255,0.045863445263280886,-124.95634460449219,85.0454330444336,0.11407376825809479,0.9150976538658142,-120.16648864746094,84.6906967163086,0.15688425302505493,0.9160721302032471,-8.312577247619629,0.20534582436084747,0.7285094857215881,200.0,10.0,-321.7522888183594,-147.925537109375,118.71072387695312,435.3879699707031,150.0574779510498,490.0,49,98000,653.083080817662,24.786760330200195,12.538962364196777,0.1538832187652588
0.1869262307882309,1.0095399618148804,0.04407386942827646,-124.98192596435547,84.88318634033203,0.18879598379135132,0.9151158332824707,-120.1250228881836,84.54365539550781,0.2496453821659088,0.890529453754425,-8.235101699829102,0.20680661499500275,0.7303673028945923,200.0,10.0,-318.0261535644531,-149.66737365722656,118.00992584228516,431.9595642089844,153.1855616569519,500.0,50,100000,652.8030378211678,24.285154342651367,7.758394718170166,0.1674051582813263
0.1878512054681778,1.0055159330368042,0.04495975420378481,-125.63107299804688,84.75556182861328,0.16419917345046997,0.9108309149742126,-120.62113189697266,84.14120483398438,0.04090004414319992,0.9349626898765564,-8.240757942199707,0.2068866640329361,0.7312700748443604,200.0,10.0,-315.3947448730469,-150.1522979736328,117.04218292236328,428.2640075683594,156.28498816490173,510.0,51,102000,652.6538549715104,23.404088973999023,29.542226791381836,0.48174765706062317
0.1894063949584961,0.9999329447746277,0.04235412222587577,-125.66442108154297,83.82691192626953,0.18701356649398804,0.9122463464736938,-120.41033935546875,82.80177307128906,0.20419281721115112,0.9079555869102478,-8.159536361694336,0.20767927169799805,0.7311424016952515,200.0,10.0,-311.4980163574219,-146.7509002685547,116.10313415527344,425.2639465332031,159.37248539924622,520.0,52,104000,652.5593156150396,23.952695846557617,4.646203517913818,0.5220898985862732
0.18979614973068237,0.9959028363227844,0.04495975420378481,-124.26899719238281,81.66710662841797,0.1838361918926239,0.9163951873779297,-118.94020080566406,80.47610473632812,0.14245587587356567,0.9140161275863647,-8.113441467285156,0.20774643123149872,0.7310239672660828,200.0,10.0,-308.37890625,-144.384765625,114.26583099365234,421.95233154296875,162.47572922706604,530.0,53,106000,652.4051346269753,25.571027755737305,4.90478515625,0.10012494772672653
0.19020581245422363,0.9917004704475403,0.0477256850533856,-125.64166259765625,83.45066833496094,0.18031732738018036,0.9155290722846985,-120.61799621582031,82.63771057128906,0.1822771430015564,0.9147759079933167,-7.99904727935791,0.2083379477262497,0.7280669808387756,200.0,10.0,-304.7171325683594,-140.01553344726562,110.31361389160156,418.902587890625,165.6247935295105,540.0,54,108000,652.0762845857188,21.816057205200195,7.384709358215332,0.1754886955022812
0.19135798513889313,0.9878894686698914,0.045863445263280886,-124.75650787353516,83.42546081542969,0.25591719150543213,0.8971067070960999,-120.0734634399414,82.32569122314453,0.3140127658843994,0.8870617747306824,-7.941812992095947,0.20857922732830048,0.7230009436607361,200.0,10.0,-301.7978515625,-144.68357849121094,109.29054260253906,415.7359619140625,168.76337814331055,550.0,55,110000,651.8001785114195,22.20056915283203,15.175495147705078,0.25826820731163025
0.19114702939987183,0.9851962924003601,0.04495975420378481,-127.43092346191406,85.23490905761719,0.21156898140907288,0.9057939052581787,-122.941650390625,84.53656005859375,0.3071322739124298,0.9084590673446655,-8.003976821899414,0.20828597247600555,0.7186437845230103,200.0,10.0,-300.0617980957031,-148.9505157470703,109.13591003417969,412.3337097167969,171.8749439716339,560.0,56,112000,651.6365760589536,22.620861053466797,36.90384292602539,0.26254719495773315
0.19191128015518188,0.9829435348510742,0.045863445263280886,-128.60960388183594,86.60246276855469,0.16091978549957275,0.9253137111663818,-123.54554748535156,85.99901580810547,0.1278776228427887,0.9023147225379944,-7.9724321365356445,0.20904234051704407,0.7140270471572876,200.0,10.0,-297.57403564453125,-151.6976318359375,108.68574523925781,409.2493591308594,174.9986777305603,570.0,57,114000,651.4334935462887,23.060579299926758,4.605778694152832,0.3287929892539978
0.19260241091251373,0.9787435531616211,0.045863445263280886,-125.91751098632812,85.18894958496094,0.24223622679710388,0.9050883650779724,-120.62572479248047,84.2177505493164,0.14964444935321808,0.932364284992218,-7.898309707641602,0.20942777395248413,0.7090713977813721,200.0,10.0,-294.5093994140625,-149.0868682861328,112.77080535888672,406.5872802734375,178.15883374214172,580.0,58,116000,651.1043969219772,21.40290069580078,12.827219009399414,0.1633215993642807
0.19297897815704346,0.9748652577400208,0.04966353924655011,-123.48350524902344,82.76072692871094,0.2432086169719696,0.9118378758430481,-118.29667663574219,81.90855407714844,0.31604433059692383,0.8887072801589966,-7.7772345542907715,0.21408885717391968,0.7053523659706116,200.0,10.0,-291.4908752441406,-143.20993041992188,83.67079162597656,403.8653259277344,181.4037265777588,590.0,59,118000,650.4827779787603,18.297698974609375,17.745500564575195,0.14637711644172668
0.19337154924869537,0.9718335270881653,0.051680078090752424,-122.41644287109375,82.36479949951172,0.24932125210762024,0.9174955487251282,-117.81356048583984,81.96888732910156,0.2760809659957886,0.8954982757568359,-7.695286750793457,0.21801654994487762,0.7012522220611572,200.0,10.0,-289.1051025390625,-144.49977111816406,82.64952087402344,401.01312255859375,184.53240275382996,600.0,60,120000,650.2922966872245,17.766687393188477,19.763870239257812,0.3494563400745392
0.19159410893917084,0.9730669856071472,0.05377849649835011,-125.10658264160156,86.95821380615234,0.23900729417800903,0.9241205453872681,-120.46720886230469,86.71527862548828,0.3230794072151184,0.8923212885856628,-7.839295387268066,0.21946139633655548,0.6989974975585938,200.0,10.0,-288.9017028808594,-153.7871856689453,103.4446029663086,398.3423767089844,187.7353000640869,610.0,61,122000,649.8511465790027,18.11241340637207,7.5743889808654785,0.15303494036197662
0.1929774135351181,0.9697967171669006,0.055962119107954095,-128.19480895996094,90.38941955566406,0.1794470101594925,0.9099274277687073,-122.919677734375,89.65995788574219,0.161837637424469,0.9134575128555298,-7.74003267288208,0.2216007113456726,0.6949551701545715,200.0,10.0,-286.4396057128906,-156.13563537597656,101.15795135498047,395.7219543457031,190.85945081710815,620.0,62,124000,649.6927423249452,15.110523223876953,15.141338348388672,0.4769345819950104
0.19023282825946808,0.9703575968742371,0.054859444277966955,-125.67250061035156,89.97122192382812,0.16100454330444336,0.9123638868331909,-121.02720642089844,89.01299285888672,0.23251721262931824,0.9191793203353882,-7.773918151855469,0.22363640367984772,0.6920362114906311,200.0,10.0,-285.6037902832031,-164.89572143554688,117.61811065673828,393.3546142578125,194.04306626319885,630.0,63,126000,649.340388329539,16.329015731811523,5.081369876861572,0.11040539294481277
0.19048769772052765,0.9672238826751709,0.05377849649835011,-124.77009582519531,89.65422821044922,0.15109241008758545,0.907459020614624,-119.36955261230469,88.5224380493164,0.09486015141010284,0.9300141334533691,-7.644484043121338,0.22552630305290222,0.6881456971168518,200.0,10.0,-283.4126281738281,-168.36807250976562,117.97946166992188,390.7513122558594,197.16615557670593,640.0,64,128000,649.1986397239592,14.119346618652344,8.23996353149414,0.11906089633703232
0.19164353609085083,0.9641870856285095,0.052718847660376544,-122.65434265136719,88.30899047851562,0.19010485708713531,0.9176760911941528,-117.34376525878906,86.81587982177734,0.10880116373300552,0.9239668250083923,-7.50269079208374,0.22745415568351746,0.6841546893119812,200.0,10.0,-281.138671875,-167.51333618164062,117.8874740600586,388.24176025390625,200.29677176475525,650.0,65,130000,649.0369208380579,14.347355842590332,6.0005269050598145,0.40181079506874084
0.19268107414245605,0.9602954983711243,0.054859444277966955,-121.43331146240234,86.20618438720703,0.14482176303863525,0.9138914346694946,-116.3079833984375,84.73153686523438,0.15608879923820496,0.9288927912712097,-7.345755577087402,0.2293570190668106,0.6806312203407288,200.0,10.0,-278.5784606933594,-158.2718048095703,118.62265014648438,385.9730529785156,203.42663669586182,660.0,66,132000,648.8825757727586,14.61719036102295,8.26174259185791,0.19282831251621246
0.193314790725708,0.9579558968544006,0.052718847660376544,-117.82905578613281,82.5614242553711,0.11744587123394012,0.9193865060806274,-113.07658386230469,81.53070068359375,0.055032067000865936,0.9219495058059692,-7.239492893218994,0.23150239884853363,0.6774292588233948,200.0,10.0,-276.8500061035156,-158.72291564941406,117.42350769042969,383.3970642089844,206.6257426738739,670.0,67,134000,648.515515375535,13.737397193908691,5.26542854309082,0.25389575958251953
0.19315378367900848,0.9559202194213867,0.04966353924655011,-118.10826873779297,82.97750854492188,0.17700403928756714,0.9037233591079712,-113.03837585449219,82.35002899169922,0.12170741707086563,0.9160711765289307,-7.218067169189453,0.23265613615512848,0.6746705174446106,200.0,10.0,-275.77886962890625,-167.14178466796875,118.73422241210938,380.9337158203125,209.82982897758484,680.0,68,136000,648.1442636762968,12.925912857055664,7.363039493560791,0.24784499406814575
0.1933050900697708,0.9539558291435242,0.051680078090752424,-121.1617202758789,88.10748291015625,0.19054748117923737,0.892861008644104,-116.42284393310547,87.3685302734375,0.13372507691383362,0.9142423272132874,-7.093960285186768,0.2344905138015747,0.6716620326042175,200.0,10.0,-274.0926513671875,-171.4431610107422,116.91442108154297,378.4645080566406,213.05723643302917,690.0,69,138000,647.7132732517063,12.903592109680176,18.204477310180664,0.12241744250059128
0.19316546618938446,0.951574981212616,0.054859444277966955,-120.54273986816406,88.09233856201172,0.18435396254062653,0.8958097696304321,-115.86100769042969,87.66290283203125,0.23659926652908325,0.8948478102684021,-6.953677654266357,0.23645736277103424,0.6683846712112427,200.0,10.0,-272.3097839355469,-171.53794860839844,115.62572479248047,376.0862121582031,216.2749161720276,700.0,70,140000,647.3242596873433,11.239058494567871,18.4704647064209,0.1564725935459137
0.19372253119945526,0.9480568766593933,0.052718847660376544,-120.38062286376953,87.5566635131836,0.17408084869384766,0.8947981595993042,-115.52345275878906,86.89994812011719,0.11040914803743362,0.900681734085083,-6.754345417022705,0.238140270113945,0.6649364233016968,200.0,10.0,-269.87652587890625,-153.822998046875,99.49223327636719,374.0721130371094,219.43707847595215,710.0,71,142000,647.1103287841194,10.181351661682129,4.838785171508789,0.32320040464401245
0.19395911693572998,0.946208655834198,0.05377849649835011,-118.0165023803711,87.01321411132812,0.21242773532867432,0.8924406170845032,-112.88285827636719,86.42213439941406,0.2851802706718445,0.8825228810310364,-6.618350028991699,0.2392435371875763,0.6621579527854919,200.0,10.0,-268.2350769042969,-155.36708068847656,99.12226104736328,371.8410339355469,222.56756472587585,720.0,72,144000,646.9945437798038,10.927000999450684,35.95341873168945,0.035920411348342896
0.19456183910369873,0.9441327452659607,0.05066177638540577,-115.54879760742188,83.9695816040039,0.22888031601905823,0.8788003921508789,-111.04623413085938,84.08851623535156,0.2019633650779724,0.9026204347610474,-6.538558483123779,0.24088746309280396,0.6597316265106201,200.0,10.0,-267.0370178222656,-150.0662841796875,83.61263275146484,369.6778564453125,225.7402307987213,730.0,73,146000,646.7611000636357,9.883349418640137,35.147457122802734,0.31038570404052734
0.19472645223140717,0.9414439797401428,0.048684971322958646,-116.62329864501953,86.0665512084961,0.25520679354667664,0.88426274061203,-111.40762329101562,85.12178039550781,0.22074967622756958,0.9088002443313599,-6.366964817047119,0.2421589195728302,0.6577215790748596,200.0,10.0,-265.1085205078125,-147.96238708496094,84.58550262451172,367.6470642089844,228.91002082824707,740.0,74,148000,646.5422503763849,6.807581901550293,5.265982151031494,0.33473435044288635
0.19525884091854095,0.938875675201416,0.04966353924655011,-116.2094955444336,85.98346710205078,0.258247047662735,0.8858744502067566,-110.6128158569336,84.79037475585938,0.24847397208213806,0.8681290745735168,-6.23151969909668,0.2432432621717453,0.6571824550628662,200.0,10.0,-263.5650939941406,-149.33688354492188,86.79706573486328,365.57623291015625,232.0691854953766,750.0,75,150000,646.3589712688864,11.149188995361328,19.647342681884766,0.32427260279655457
0.1954469233751297,0.9372498989105225,0.05377849649835011,-114.68821716308594,83.22071838378906,0.26212653517723083,0.8880674242973328,-109.25877380371094,82.54612731933594,0.3459599018096924,0.8766856789588928,-6.0705742835998535,0.242220938205719,0.6605845093727112,200.0,10.0,-261.9254455566406,-152.01565551757812,84.52301025390625,363.51556396484375,235.23555850982666,760.0,76,152000,646.1608141341029,8.53805160522461,15.385464668273926,0.21398979425430298
0.1963784098625183,0.93357253074646,0.052718847660376544,-116.55050659179688,85.00006866455078,0.29681670665740967,0.8749223947525024,-111.67796325683594,84.24906921386719,0.3728714883327484,0.8364154696464539,-5.896126747131348,0.2408331036567688,0.6625725030899048,200.0,10.0,-259.8089599609375,-145.63421630859375,90.2485122680664,361.8102722167969,238.33601474761963,770.0,77,154000,646.1465765594626,8.415741920471191,5.534341335296631,0.5158442258834839
0.19710367918014526,0.932094395160675,0.05377849649835011,-115.2579574584961,81.99858093261719,0.25408679246902466,0.8969842791557312,-110.36166381835938,81.27652740478516,0.2991265654563904,0.8764490485191345,-5.815632343292236,0.24132977426052094,0.662969172000885,200.0,10.0,-258.79278564453125,-143.28750610351562,84.79084777832031,359.7086181640625,241.53215909004211,780.0,78,156000,645.8767254336674,9.846753120422363,29.888368606567383,0.15667761862277985
0.19789797067642212,0.9310135245323181,0.051680078090752424,-119.88068389892578,87.18946838378906,0.26494070887565613,0.8965672850608826,-114.96966552734375,86.7587661743164,0.30370062589645386,0.8718291521072388,-5.75097131729126,0.24229075014591217,0.6651279330253601,200.0,10.0,-257.97918701171875,-146.79591369628906,88.13987731933594,357.60211181640625,244.65175318717957,790.0,79,158000,645.8159319999495,8.16523551940918,17.089801788330078,0.6097632646560669
0.19789622724056244,0.9286587834358215,0.051680078090752424,-120.48560333251953,88.46983337402344,0.2603529095649719,0.8936585783958435,-115.4249038696289,87.38966369628906,0.3879464864730835,0.8589077591896057,-5.627660274505615,0.24261467158794403,0.6684290170669556,200.0,10.0,-256.35296630859375,-144.6551971435547,91.98555755615234,355.8099670410156,247.79048871994019,800.0,80,160000,645.7067857065189,8.656778335571289,8.160735130310059,0.322883278131485
0.19901758432388306,0.9368521571159363,0.057086957702023974,-118.96630859375,86.2853775024414,0.2857349216938019,0.8783962726593018,-114.08811950683594,85.58503723144531,0.10327579081058502,0.9199627637863159,-5.789938449859619,0.24168771505355835,0.670310378074646,200.0,10.0,-258.74658203125,-179.72396850585938,162.59844970703125,356.0872497558594,250.98290538787842,810.0,81,162000,645.4622865634578,4.348609447479248,11.986533164978027,0.11198899894952774
0.20004262030124664,0.9341304898262024,0.055962119107954095,-120.16954040527344,89.95912170410156,0.35861682891845703,0.8668249845504761,-114.92289733886719,89.47368621826172,0.3637315034866333,0.8352442383766174,-5.611027717590332,0.24289903044700623,0.6683126091957092,200.0,10.0,-256.9796447753906,-175.9406280517578,163.8633270263672,354.3878479003906,254.2061243057251,820.0,82,164000,645.1457471683992,6.402200222015381,10.112427711486816,0.11810475587844849
0.1984446495771408,0.935112714767456,0.052718847660376544,-114.85452270507812,84.63873291015625,0.37843096256256104,0.8450493216514587,-110.62834930419922,85.05915069580078,0.31317225098609924,0.8658905029296875,-5.536675453186035,0.24415497481822968,0.6666828989982605,200.0,10.0,-256.50433349609375,-179.61585998535156,176.3465576171875,353.2039794921875,257.4403166770935,830.0,83,166000,644.8096480871457,5.646000385284424,7.254087924957275,0.1856834441423416
0.19819276034832,0.9336475729942322,0.052718847660376544,-119.08502197265625,89.73201751708984,0.3264203667640686,0.8614551424980164,-114.33708190917969,89.59378814697266,0.33456578850746155,0.8639086484909058,-5.427940845489502,0.24548585712909698,0.6648807525634766,200.0,10.0,-255.48486328125,-184.26966857910156,175.39122009277344,351.3130798339844,260.6190142631531,840.0,84,168000,644.6191214213039,7.902756214141846,4.794173240661621,0.15315911173820496
0.19884778559207916,0.9315109252929688,0.05066177638540577,-118.11909484863281,87.54594421386719,0.35174739360809326,0.8593420386314392,-113.0970687866211,86.91065979003906,0.3327391743659973,0.8997572064399719,-5.334371566772461,0.24725018441677094,0.6634788513183594,200.0,10.0,-254.28970336914062,-184.7241973876953,175.58743286132812,349.5645446777344,263.78036284446716,850.0,85,170000,644.4755711411206,7.526679515838623,4.76444149017334,0.32006534934043884
0.20019519329071045,0.9295242428779602,0.048684971322958646,-115.4603042602539,84.43000793457031,0.38029855489730835,0.8552990555763245,-110.54689025878906,84.36051940917969,0.4871606230735779,0.8038119673728943,-5.21347188949585,0.24798673391342163,0.6605783104896545,200.0,10.0,-252.89584350585938,-184.2707061767578,175.6651611328125,347.8302001953125,266.96204376220703,860.0,86,172000,644.286347137823,9.477396011352539,26.51028060913086,0.24994006752967834
0.20078295469284058,0.9280967712402344,0.046785300513072836,-116.19506072998047,84.5429458618164,0.37188398838043213,0.8597122430801392,-111.48562622070312,84.75980377197266,0.40347862243652344,0.8714160323143005,-5.17813777923584,0.24871467053890228,0.6583773493766785,200.0,10.0,-252.19015502929688,-193.52525329589844,171.94036865234375,345.98406982421875,270.1556303501129,870.0,87,174000,644.0731950487268,7.499457836151123,4.814800262451172,0.2963312864303589
0.2014010101556778,0.9269134402275085,0.04966353924655011,-118.54525756835938,85.03308868408203,0.3568263053894043,0.8551236987113953,-113.92372131347656,85.10749053955078,0.38877514004707336,0.849038302898407,-5.11859655380249,0.24779054522514343,0.6590445637702942,200.0,10.0,-251.31373596191406,-192.9771728515625,172.1107177734375,344.2227783203125,273.39023447036743,880.0,88,176000,643.768422602807,8.85382080078125,9.3428373336792,0.3960973024368286
0.2028036117553711,0.9257392883300781,0.05377849649835011,-119.7298583984375,86.4560546875,0.36145341396331787,0.8521085977554321,-114.89498901367188,86.09114074707031,0.3137168288230896,0.8716330528259277,-5.060518264770508,0.2443564534187317,0.6585506796836853,200.0,10.0,-250.38595581054688,-190.39947509765625,172.26681518554688,342.4918518066406,276.599130153656,890.0,89,178000,643.5305848616287,10.392770767211914,9.764179229736328,0.10797768831253052
0.2051367610692978,0.923736035823822,0.05823440555183466,-119.35597229003906,88.1263656616211,0.3819338381290436,0.8476054072380066,-114.28193664550781,87.50789642333984,0.4538307189941406,0.8248955607414246,-4.863734245300293,0.23808127641677856,0.6596493721008301,200.0,10.0,-248.7493438720703,-187.92042541503906,171.36932373046875,340.96856689453125,279.8167767524719,900.0,90,180000,643.2780839271456,4.522291660308838,7.3128814697265625,0.23942282795906067
0.20662719011306763,0.9226665496826172,0.060598955937205407,-118.58192443847656,89.43569946289062,0.43075457215309143,0.8346520066261292,-113.55374145507812,89.26703643798828,0.32783353328704834,0.8932620882987976,-4.626398086547852,0.23202607035636902,0.6604952216148376,200.0,10.0,-247.8860626220703,-159.91571044921875,109.12322998046875,339.3055114746094,283.0176830291748,910.0,91,182000,643.0693589602971,-10.473082542419434,10.613188743591309,0.050662122666835785
0.20761965215206146,0.9210664629936218,0.06305951655006926,-110.53888702392578,86.57989501953125,0.4417485296726227,0.8241568207740784,-105.59504699707031,87.24893951416016,0.4715956449508667,0.8126670718193054,-4.320415496826172,0.22917377948760986,0.6602648496627808,200.0,10.0,-246.86053466796875,-163.88369750976562,108.58718872070312,337.7289733886719,286.15597438812256,920.0,92,184000,643.0059704098118,-10.310908317565918,40.81526184082031,0.07245064526796341
0.20831580460071564,0.919141948223114,0.06561998579066344,-111.97091674804688,92.91645812988281,0.39032426476478577,0.8511599898338318,-107.21282958984375,93.67276000976562,0.39480066299438477,0.8622576594352722,-4.043989181518555,0.22564394772052765,0.660824716091156,200.0,10.0,-245.618896484375,-155.26971435546875,83.1876220703125,336.2533874511719,289.35491847991943,930.0,93,186000,642.8091873368587,-6.396136283874512,11.367318153381348,0.3572824001312256
0.20907066762447357,0.9180894494056702,0.06432701283272566,-112.15370178222656,93.02284240722656,0.31254976987838745,0.8825274109840393,-107.24813842773438,93.07972717285156,0.15061956644058228,0.9116306900978088,-3.8244428634643555,0.2223605364561081,0.6612976789474487,200.0,10.0,-244.84910583496094,-155.50872802734375,84.23649597167969,334.6581115722656,292.5481262207031,940.0,94,188000,642.6293083079593,-7.172185897827148,34.795101165771484,0.2796594500541687
0.2095929980278015,0.9164353013038635,0.06181699495154324,-113.54044342041016,94.05640411376953,0.3664180636405945,0.8671165108680725,-108.09140014648438,93.33783721923828,0.5478318929672241,0.7856337428092957,-3.599210739135742,0.22091397643089294,0.6602540612220764,200.0,10.0,-243.78001403808594,-154.44769287109375,82.02639770507812,333.1362609863281,295.7279472351074,950.0,95,190000,642.4823956490917,-3.5296852588653564,8.866637229919434,0.19376006722450256
0.20888924598693848,0.9165492057800293,0.05823440555183466,-109.27116394042969,86.48546600341797,0.46743226051330566,0.8262918591499329,-103.44097900390625,84.59613037109375,0.4770987033843994,0.7994393706321716,-3.478031873703003,0.2195657193660736,0.6584925055503845,200.0,10.0,-243.2889862060547,-160.6701202392578,96.11764526367188,331.872314453125,298.9189910888672,960.0,96,192000,642.3144922997526,-2.1491920948028564,10.45400619506836,0.17079366743564606
0.20929978787899017,0.9156244397163391,0.055962119107954095,-109.04293823242188,83.15589904785156,0.431017130613327,0.832048237323761,-103.74385070800781,82.39254760742188,0.48425647616386414,0.7979440689086914,-3.3450944423675537,0.2183152735233307,0.6579126715660095,200.0,10.0,-242.5420379638672,-158.60357666015625,95.90454864501953,330.3367004394531,302.1096007823944,970.0,97,194000,642.1510587468409,-0.5150794386863708,5.327676296234131,0.11459224671125412
0.20957113802433014,0.9141335487365723,0.054859444277966955,-113.04814147949219,84.24079132080078,0.4111938774585724,0.8531031608581543,-108.09442138671875,83.72027587890625,0.5016921162605286,0.7807477116584778,-3.2073099613189697,0.216618150472641,0.6573390960693359,200.0,10.0,-241.5306396484375,-155.439453125,95.9267578125,328.90692138671875,305.26596426963806,980.0,98,196000,642.063062840754,0.48493751883506775,7.593935966491699,0.19257789850234985
0.21032512187957764,0.9121411442756653,0.05940491710342653,-115.81755065917969,86.92739868164062,0.3978414833545685,0.8494508862495422,-110.83035278320312,86.70169067382812,0.370233952999115,0.8655603528022766,-3.058798313140869,0.21478405594825745,0.6578738689422607,200.0,10.0,-240.28271484375,-150.3642120361328,96.0545425415039,327.5553894042969,308.4944257736206,990.0,99,198000,641.8268320520526,1.229406476020813,5.3466596603393555,0.19167247414588928
0.20906202495098114,0.9125578999519348,0.054859444277966955,-116.20870971679688,85.54019165039062,0.36413127183914185,0.867680549621582,-111.32166290283203,85.32428741455078,0.3244401812553406,0.8824865818023682,-3.023094415664673,0.21368418633937836,0.6594809889793396,200.0,10.0,-239.94703674316406,-160.72625732421875,119.13724517822266,326.7266540527344,311.75024676322937,1000.0,100,200000,641.5391874634108,3.6083359718322754,13.501254081726074,0.1255285143852234
0.20956087112426758,0.911244809627533,0.057086957702023974,-113.63282012939453,79.5919418334961,0.4150494635105133,0.856819212436676,-109.27684020996094,79.56436920166016,0.40378010272979736,0.8658145070075989,-2.9428656101226807,0.21243058145046234,0.6607939600944519,200.0,10.0,-239.1232452392578,-159.38185119628906,117.32951354980469,325.2555236816406,314.98183703422546,1010.0,101,202000,641.3068191549438,6.241720676422119,43.91886901855469,0.12821272015571594
0.21025104820728302,0.9097749590873718,0.05377849649835011,-115.07145690917969,79.8941879272461,0.3685528039932251,0.8741303086280823,-110.19677734375,79.1126480102539,0.3827625513076782,0.8814889788627625,-2.8583579063415527,0.21031248569488525,0.6628705859184265,200.0,10.0,-238.07337951660156,-157.2317352294922,115.83655548095703,323.88934326171875,318.2260503768921,1020.0,102,204000,641.0537407556418,7.319042205810547,19.79790496826172,0.21336477994918823
0.21216650307178497,0.9086053371429443,0.052718847660376544,-119.89258575439453,83.77722930908203,0.34295302629470825,0.8757883906364441,-115.02105712890625,82.77654266357422,0.344330370426178,0.8875365853309631,-2.795853853225708,0.20928271114826202,0.6638461351394653,200.0,10.0,-237.0701141357422,-157.56654357910156,112.61396789550781,322.4902038574219,321.38599014282227,1030.0,103,206000,640.973801964593,7.612206935882568,6.116456985473633,0.221954807639122
0.21300317347049713,0.9066851139068604,0.05066177638540577,-123.51805877685547,85.60491943359375,0.3367118835449219,0.8773024082183838,-118.79420471191406,85.43904113769531,0.3262491226196289,0.913753867149353,-2.755002737045288,0.20839352905750275,0.6639415621757507,200.0,10.0,-236.07188415527344,-153.5662841796875,113.85601043701172,321.24420166015625,324.62913036346436,1040.0,104,208000,640.7311622561939,10.394282341003418,3.9894356727600098,0.18463942408561707
0.21281956136226654,0.9069437384605408,0.0477256850533856,-122.54107666015625,83.9839096069336,0.3747948110103607,0.8826205134391785,-117.78990936279297,83.48915100097656,0.33212751150131226,0.9051117300987244,-2.793884038925171,0.20765401422977448,0.6633850932121277,200.0,10.0,-235.79931640625,-159.9827423095703,141.2283172607422,320.8035583496094,327.9174950122833,1050.0,105,210000,640.4049896518443,9.709895133972168,3.998776435852051,0.24080966413021088
0.21322768926620483,0.9057433605194092,0.046785300513072836,-123.74571228027344,84.70855712890625,0.37689530849456787,0.8798558712005615,-118.83407592773438,84.03681182861328,0.34060174226760864,0.9058559536933899,-2.7761621475219727,0.20681577920913696,0.6628249883651733,200.0,10.0,-234.94876098632812,-154.8823699951172,132.29733276367188,319.4803771972656,331.1838891506195,1060.0,106,212000,640.1277566481631,9.345756530761719,4.294845104217529,0.2645333707332611
0.2142108678817749,0.9037320017814636,0.04235412222587577,-123.19139099121094,84.60941314697266,0.35806578397750854,0.8822824954986572,-118.616943359375,84.276611328125,0.3713279366493225,0.8724411725997925,-2.7131426334381104,0.2058960646390915,0.6609892249107361,200.0,10.0,-233.6421661376953,-147.31326293945312,131.76487731933594,318.300048828125,334.34817385673523,1070.0,107,214000,640.0513498593141,11.012557029724121,16.469833374023438,0.21500815451145172
0.21531610190868378,0.9029461741447449,0.04407386942827646,-126.61451721191406,86.04849243164062,0.3771188259124756,0.8850728869438171,-121.88346099853516,85.64595031738281,0.389457106590271,0.8791118860244751,-2.7230331897735596,0.20475643873214722,0.6592140197753906,200.0,10.0,-233.03494262695312,-149.77703857421875,130.3661651611328,316.9291687011719,337.5646331310272,1080.0,108,216000,639.8774599001272,12.385724067687988,7.761734485626221,0.10270953178405762
0.2156110405921936,0.9016051888465881,0.040701478966889394,-125.27377319335938,85.26431274414062,0.3363720178604126,0.8836287260055542,-120.34170532226562,84.52350616455078,0.32699233293533325,0.8888162970542908,-2.750131607055664,0.2041834443807602,0.6572771072387695,200.0,10.0,-232.3415069580078,-153.7235107421875,132.35655212402344,315.72247314453125,340.8564839363098,1090.0,109,218000,639.5653604193548,11.784061431884766,3.652703046798706,0.30764269828796387
0.21570985019207,0.9002106785774231,0.04320544008261588,-126.1568603515625,84.6683120727539,0.23934383690357208,0.929521381855011,-121.1061019897461,83.96968841552734,0.13622263073921204,0.9395666122436523,-2.74070143699646,0.203605055809021,0.6553956270217896,200.0,10.0,-231.455078125,-146.53564453125,111.67745208740234,314.4847717285156,344.09190487861633,1100.0,110,220000,639.3640677992944,11.350605010986328,16.996639251708984,0.16650208830833435
0.2156885415315628,0.8985398411750793,0.04320544008261588,-124.93457794189453,83.35993194580078,0.34439265727996826,0.8786898255348206,-120.31723022460938,83.15437316894531,0.29054445028305054,0.9138588309288025,-2.713358163833618,0.20287232100963593,0.6534312963485718,200.0,10.0,-230.2603302001953,-140.7447509765625,112.22725677490234,313.35040283203125,347.34233021736145,1110.0,111,222000,639.1389148022237,11.129000663757324,6.538736343383789,0.2975415587425232
0.2162989228963852,0.897261917591095,0.04320544008261588,-123.11953735351562,80.66224670410156,0.33989375829696655,0.8894224762916565,-118.0386962890625,79.75701904296875,0.31747204065322876,0.9283714890480042,-2.7549352645874023,0.20271922647953033,0.6518911719322205,200.0,10.0,-229.5946502685547,-143.11155700683594,117.70281219482422,312.2628479003906,350.6353886127472,1120.0,112,224000,638.8402519387246,12.900176048278809,17.871694564819336,0.19538572430610657
0.2169315367937088,0.8959022164344788,0.04320544008261588,-126.04493713378906,82.62223815917969,0.36185795068740845,0.8911298513412476,-121.33837127685547,82.2640151977539,0.3655931353569031,0.8957687020301819,-2.7803738117218018,0.2017238289117813,0.650424599647522,200.0,10.0,-228.9275360107422,-145.05882263183594,121.82347869873047,311.1152038574219,353.90683937072754,1130.0,113,226000,638.5861330112881,12.289081573486328,3.349947929382324,0.2550593316555023
0.217512309551239,0.8947452902793884,0.04320544008261588,-129.567626953125,87.13934326171875,0.3760945796966553,0.8791291117668152,-124.88703918457031,86.36003112792969,0.37167149782180786,0.881432056427002,-2.823455333709717,0.20052075386047363,0.648984968662262,200.0,10.0,-228.38990783691406,-148.49722290039062,121.49113464355469,309.92559814453125,357.17071628570557,1140.0,114,228000,638.350205109256,13.760180473327637,3.3384594917297363,0.09983493387699127
